Workbook

Sheet NhapLieu
A1: Lĩnh vực lớn | B1: Lĩnh vực con | C1: Công việc | D1: Sản phẩm | E1: Ngày giao | F1: Hạn hoàn thành | G1: Ngày hoàn thành | H1: Cán bộ tham mưu | I1: Cán bộ phụ trách
A2: I. Văn phòng - Tuyên giáo - Xây dựng Đoàn | B2: Văn phòng | C2: =Sheet1!F5 -> Kế hoạch thực hiện Nghị Quyết 59 của Bộ Chính trị | E2: 46113 | F2: 46122 | H2: Phan Xuân Tấn | I2: Trần Diệp Mỹ Dung
A3: I. Văn phòng - Tuyên giáo - Xây dựng Đoàn | B3: Văn phòng | C3: =Sheet1!F6 -> Báo cáo công tác Đoàn tháng 4 | E3: 46113 | F3: =Sheet1!I6 -> 46127 | H3: Bùi Thị Phượng | I3: Trần Diệp Mỹ Dung
A4: I. Văn phòng - Tuyên giáo - Xây dựng Đoàn | B4: Văn phòng | C4: =Sheet1!F7 -> Hướng dẫn xử lý văn bản bí mật nhà nước | E4: 46113 | F4: =Sheet1!I7 -> 46122 | H4: Phan Xuân Tấn | I4: Trần Diệp Mỹ Dung
A5: I. Văn phòng - Tuyên giáo - Xây dựng Đoàn | B5: Văn phòng | C5: =Sheet1!F8 -> Báo cáo điều tra cơ sở hành chính sự nghiệp năm 2026 | E5: 46113 | F5: =Sheet1!I8 -> 46122 | H5: Nguyễn Thị Thanh Hòa | I5: Trần Diệp Mỹ Dung
A6: I. Văn phòng - Tuyên giáo - Xây dựng Đoàn | B6: Văn phòng | C6: =Sheet1!F9 -> Tham mưu lịch công tác Tháng và Tuần của Thường trực | E6: 46113 | F6: 46142 | H6: Bùi Thị Phượng | I6: Trần Diệp Mỹ Dung
A7: I. Văn phòng - Tuyên giáo - Xây dựng Đoàn | B7: Văn phòng | C7: =Sheet1!F10 -> Thông báo kết quả giao ban tháng 4 | E7: 46113 | F7: 46122 | H7: Nguyễn Hồ Xuân Quang | I7: Trần Diệp Mỹ Dung
A8: I. Văn phòng - Tuyên giáo - Xây dựng Đoàn | B8: Văn phòng | C8: =Sheet1!F11 -> Tham mưu tài liệu họp Ban Thường vụ Tỉnh đoàn tháng 4 | E8: 46113 | F8: =Sheet1!I11 -> 46127 | H8: Nguyễn Hồ Xuân Quang | I8: Trần Diệp Mỹ Dung
A9: I. Văn phòng - Tuyên giáo - Xây dựng Đoàn | B9: Văn phòng | C9: =Sheet1!F12 -> Rà soát điều chỉnh Quy chế thi chi tiêu nội bộ tại Ban Công tác Đoàn và TTN | E9: 46113 | F9: 46127 | H9: Nguyễn Thị Thanh Hòa | I9: Trần Diệp Mỹ Dung
A10: I. Văn phòng - Tuyên giáo - Xây dựng Đoàn | B10: Văn phòng | C10: =Sheet1!F13 -> Báo cáo các nội dung liên quan phục vụ làm việc với Đoàn kiểm tra của Bộ Chính trị, Ban Bí thư | E10: 46113 | F10: =Sheet1!I13 -> 46120 | H10: Nguyễn Hồ Xuân Quang | I10: Trần Diệp Mỹ Dung
A11: I. Văn phòng - Tuyên giáo - Xây dựng Đoàn | B11: Văn phòng | C11: =Sheet1!F14 -> Quyết toán kinh phí hoạt động đã tổ chức | E11: 46113 | F11: =Sheet1!I14 -> 46132 | H11: Nguyễn Thị Thanh Hòa | I11: Trần Diệp Mỹ Dung
A12: I. Văn phòng - Tuyên giáo - Xây dựng Đoàn | B12: Văn phòng | C12: =Sheet1!F15 -> Phối hợp với văn phòng MTTQ bàn giao tài sản, nhà đất | E12: 46113 | F12: =Sheet1!I15 -> 46132 | H12: Nguyễn Hồ Xuân Quang | I12: Trần Diệp Mỹ Dung
A13: I. Văn phòng - Tuyên giáo - Xây dựng Đoàn | B13: Văn phòng | C13: =Sheet1!F16 -> Kê khai thông tin trên hệ thống Điều tra cơ sở hành chính, sự nghiệp của Bộ Nội vụ | E13: 46113 | F13: 46122 | H13: Nguyễn Hồ Xuân Quang | I13: Trần Diệp Mỹ Dung
A14: I. Văn phòng - Tuyên giáo - Xây dựng Đoàn | B14: Văn phòng | C14: =Sheet1!F17 -> Tham mưu các nội dung bàn giao tài sản và trụ sở cơ quan cũ cho cấp có thẩm quyền | E14: 46113 | F14: 46122 | H14: Nguyễn Hồ Xuân Quang | I14: Trần Diệp Mỹ Dung
A15: I. Văn phòng - Tuyên giáo - Xây dựng Đoàn | B15: Văn phòng | C15: =Sheet1!F18 -> Tiếp tục tham mưu giải quyết tồn động của các Tỉnh đoàn cũ (Dự án công viên Hoa Thanh niên; Sân bóng; Trung tâm SHDNTTN Bình Thuận | E15: 46113 | F15: 46142 | H15: Nguyễn Hồ Xuân Quang | I15: Trần Diệp Mỹ Dung
A16: I. Văn phòng - Tuyên giáo - Xây dựng Đoàn | B16: Văn phòng | C16: =Sheet1!F19 -> Rà soát kết quả thực hiện BTC quý 1 triển khai nhiệm vụ quý 2 | E16: 46113 | F16: 46142 | H16: Nguyễn Hồ Xuân Quang | I16: Trần Diệp Mỹ Dung
A17: I. Văn phòng - Tuyên giáo - Xây dựng Đoàn | B17: Văn phòng | C17: =Sheet1!F20 -> Lịch trực Ban nghĩ lễ Giỗ tổ Hùng Vương và 30/4 | E17: 46113 | F17: 46142 | H17: Phan Xuân Tấn | I17: Trần Diệp Mỹ Dung
A18: I. Văn phòng - Tuyên giáo - Xây dựng Đoàn | B18: Tuyên giáo | C18: =Sheet1!F21 -> Hướng dẫn tuyên truyền kỷ niệm 136 năm Ngày sinh Chỉ tịch Hồ Chí Minh | E18: 46113 | F18: =Sheet1!I21 -> 46132 | H18: Hồ Như Toán | I18: Trần Diệp Mỹ Dung
A19: I. Văn phòng - Tuyên giáo - Xây dựng Đoàn | B19: Tuyên giáo | C19: =Sheet1!F22 -> Báo cáo dư luận hàng tuần, tháng | E19: 46113 | F19: 46126 | H19: Đỗ Ngọc Hà | I19: Trần Diệp Mỹ Dung
A20: I. Văn phòng - Tuyên giáo - Xây dựng Đoàn | B20: Tuyên giáo | C20: =Sheet1!F23 -> KH, Thể lệ Cuộc thi trực tuyến tìm hiểu Nghị quyết Đại hội | E20: 46113 | F20: 46142 | H20: Đỗ Ngọc Hà | I20: Trần Việt Anh
A21: I. Văn phòng - Tuyên giáo - Xây dựng Đoàn | B21: Tuyên giáo | C21: =Sheet1!F24 -> QĐ trao giải Minigame tìm hiểu pháp luật về bầu cử | E21: 46113 | F21: 46142 | H21: Đỗ Ngọc Hà | I21: Trần Diệp Mỹ Dung
A22: I. Văn phòng - Tuyên giáo - Xây dựng Đoàn | B22: Tuyên giáo | C22: =Sheet1!F25 -> Các văn bản triển khai công tác 35 Tỉnh đoàn (văn bản mật, báo cáo định kỳ) | E22: 46113 | F22: 46142 | H22: Hồ Như Toán | I22: Trần Diệp Mỹ Dung
A23: I. Văn phòng - Tuyên giáo - Xây dựng Đoàn | B23: Tuyên giáo | C23: =Sheet1!F26 -> KH tổ chức Hành trình "Tuổi trẻ Lâm Đồng với biển đảo quê hương" năm 2026 | E23: 46113 | F23: =Sheet1!I26 -> 46122 | H23: Hồ Như Toán | I23: Trần Diệp Mỹ Dung
A24: I. Văn phòng - Tuyên giáo - Xây dựng Đoàn | B24: Tuyên giáo | C24: =Sheet1!F27 -> KH tổ chức Liên hoan tuyên truyền ca khúc cách mạng tỉnh Lâm Đồng năm 2026 | E24: 46113 | F24: =Sheet1!I27 -> 46122 | H24: Hồ Như Toán | I24: Trần Diệp Mỹ Dung
A25: I. Văn phòng - Tuyên giáo - Xây dựng Đoàn | B25: Tuyên giáo | C25: =Sheet1!F28 -> Báo cáo dư luận tháng 5 | E25: 46113 | F25: 46132 | H25: Đỗ Ngọc Hà | I25: Trần Diệp Mỹ Dung
A26: I. Văn phòng - Tuyên giáo - Xây dựng Đoàn | B26: Tuyên giáo | C26: =Sheet1!F29 -> Hướng dẫn tuyên truyền tháng 5 | E26: 46113 | F26: 46132 | H26: Đỗ Ngọc Hà | I26: Trần Diệp Mỹ Dung
A27: I. Văn phòng - Tuyên giáo - Xây dựng Đoàn | B27: Tuyên giáo | C27: =Sheet1!F30 -> CV giới thiệu nhân sự CTV Phòng chống tác hại của thuốc lá | E27: 46113 | F27: 46117 | H27: Hồ Như Toán | I27: Trần Diệp Mỹ Dung
A28: I. Văn phòng - Tuyên giáo - Xây dựng Đoàn | B28: Tuyên giáo | C28: =Sheet1!F31 -> KH tổ chức tuyên dương “Thanh niên tiên tiến làm theo lời Bác” nhân kỷ niệm 136 năm Ngày sinh Chủ tịch Hồ Chí Minh (19/5/1890 - 19/5/2026) | E28: 46113 | F28: 46127 | H28: Nguyễn Hồ Xuân Quang | I28: Trần Diệp Mỹ Dung
A29: I. Văn phòng - Tuyên giáo - Xây dựng Đoàn | B29: Tuyên giáo | C29: =Sheet1!F32 -> Kế hoạch tuyên truyền, vận động đoàn viên thanh niên và nhân dân tham gia bảo hiểm y tế toàn dân năm 2026 | E29: 46113 | F29: 46127 | H29: Nguyễn Hồ Xuân Quang | I29: Trần Diệp Mỹ Dung
A30: I. Văn phòng - Tuyên giáo - Xây dựng Đoàn | B30: Tuyên giáo | C30: =Sheet1!F33 -> Kế hoạch tuyên truyền phòng chống tác hại thuốc lá trong đoàn viên thanh niên năm 2026 | E30: 46113 | F30: =Sheet1!I33 -> 15/4/2026 | H30: Hồ Như Toán | I30: Trần Diệp Mỹ Dung
A31: I. Văn phòng - Tuyên giáo - Xây dựng Đoàn | B31: Tuyên giáo | C31: =Sheet1!F34 -> Lễ Phát động Cuộc thi trực tuyến tìm hiểu Nghị quyết Đại hội | E31: 46113 | F31: 46118 | H31: Đỗ Ngọc Hà | I31: Trần Việt Anh
A32: I. Văn phòng - Tuyên giáo - Xây dựng Đoàn | B32: Tuyên giáo | C32: =Sheet1!F35 -> Trao giải Minigame tìm hiểu pháp luật về bầu cử | E32: 46113 | F32: 46129 | H32: Đỗ Ngọc Hà | I32: Trần Diệp Mỹ Dung
A33: I. Văn phòng - Tuyên giáo - Xây dựng Đoàn | B33: Tuyên giáo | C33: =Sheet1!F36 -> Tiếp tục ôn đốc đăng tải triển khai Đề án Những câu chuyện thời hoa lửa | E33: 46113 | F33: 46142 | H33: Đỗ Ngọc Hà | I33: Trần Diệp Mỹ Dung
A34: I. Văn phòng - Tuyên giáo - Xây dựng Đoàn | B34: Tuyên giáo | C34: =Sheet1!F37 -> Tham mưu các nội dung liên quan đến Lễ hội Giỗ tổ Hùng Vương | E34: 46113 | F34: 46138 | H34: Đỗ Ngọc Hà | I34: Trần Diệp Mỹ Dung
A35: I. Văn phòng - Tuyên giáo - Xây dựng Đoàn | B35: Tuyên giáo | C35: =Sheet1!F38 -> Tổ chức Chương trình sinh hoạt chính trị nhân kỷ niệm 51 năm Giải phóng miền Nam, thống nhất đất nước ngày (30/4/1975 - 30/4/2026) | E35: 46113 | F35: 46122 | H35: Hồ Như Toán | I35: Trần Diệp Mỹ Dung
A36: I. Văn phòng - Tuyên giáo - Xây dựng Đoàn | B36: Tuyên giáo | C36: =Sheet1!F39 -> Tham mưu gửi ấn phẩm phục vụ biên soạn các ấn phẩm chào mừng Đại hội Đoàn toàn quốc lần thứ XII | E36: 46113 | F36: 46129 | H36: Đỗ Ngọc Hà | I36: Trần Diệp Mỹ Dung
A37: I. Văn phòng - Tuyên giáo - Xây dựng Đoàn | B37: Tuyên giáo | C37: =Sheet1!F40 -> Tuyên truyền kịp thời các hoạt động tập trung cấp tỉnh trong tháng | E37: 46113 | F37: 46142 | H37: Đỗ Ngọc Hà | I37: Trần Diệp Mỹ Dung
A38: I. Văn phòng - Tuyên giáo - Xây dựng Đoàn | B38: Xây dựng Đoàn | C38: =Sheet1!F41 -> Kế hoạch rà soát quy hoạch các chức danh chủ chốt của Đoàn năm 2026 | E38: 46113 | F38: 46122 | H38: Nguyễn Hồ Xuân Quang | I38: Trần Diệp Mỹ Dung
A39: I. Văn phòng - Tuyên giáo - Xây dựng Đoàn | B39: Xây dựng Đoàn | C39: =Sheet1!F42 -> CV góp ý dự thảo hướng dẫn quy trình thủ tục kiện toàn bổ sung nhân sự cấp tỉnh | E39: 46113 | F39: 46114 | H39: Võ Văn Đồng | I39: Trần Việt Anh
A40: I. Văn phòng - Tuyên giáo - Xây dựng Đoàn | B40: Xây dựng Đoàn | C40: =Sheet1!F43 -> CV góp ý dự thảo Hướng dẫn một số vấn đề cụ thể thi hành Điều lệ Đảng | E40: 46113 | F40: 46116 | H40: Nguyễn Hồ Xuân Quang | I40: Trần Việt Anh
A41: I. Văn phòng - Tuyên giáo - Xây dựng Đoàn | B41: Xây dựng Đoàn | C41: =Sheet1!F45 -> Văn bản triển khai thực hiện các nội dung liên quan phần mềm Quản lý đoàn viên | E41: 46113 | F41: 46132 | H41: Nguyễn Hồ Xuân Quang | I41: Trần Việt Anh
A42: I. Văn phòng - Tuyên giáo - Xây dựng Đoàn | B42: Xây dựng Đoàn | C42: =Sheet1!F46 -> Văn bản triển khai thực hiện kiểm tra, giám sát | E42: 46113 | F42: 46132 | H42: Võ Văn Đồng | I42: Trần Việt Anh
A43: I. Văn phòng - Tuyên giáo - Xây dựng Đoàn | B43: Xây dựng Đoàn | C43: =Sheet1!F47 -> Kế hoạch giao chỉ tiêu phát triển đoàn viên; giới thiệu đoàn viên ưu tú cho Đảng và phát triển đảng viên trong ĐVTN năm 2026 | E43: 46113 | F43: 46132 | H43: Võ Văn Đồng | I43: Trần Việt Anh
A44: I. Văn phòng - Tuyên giáo - Xây dựng Đoàn | B44: Xây dựng Đoàn | C44: =Sheet1!F48 -> Báo cáo công tác phòng, chống tham nhũng, lãng phí tiêu cực tháng 4/2026 | E44: 46113 | F44: 46132 | H44: Võ Văn Đồng | I44: Trần Việt Anh
A45: I. Văn phòng - Tuyên giáo - Xây dựng Đoàn | B45: Xây dựng Đoàn | C45: =Sheet1!F49 -> Đôn đốc triển khai thực hiện các nội dung liên quan phần mềm Quản lý đoàn viên | E45: 46113 | F45: 46142 | H45: Võ Văn Đồng | I45: Trần Việt Anh
A46: I. Văn phòng - Tuyên giáo - Xây dựng Đoàn | B46: Xây dựng Đoàn | C46: =Sheet1!F50 -> Triển khai các nội dung liên quan đến việc thành lập tổ chức Đoàn trong doanh nghiệp ngoài Nhà nước | E46: 46113 | F46: 46127 | H46: Võ Văn Đồng | I46: Trần Việt Anh
A47: I. Văn phòng - Tuyên giáo - Xây dựng Đoàn | B47: Xây dựng Đoàn | C47: Tham mưu công tác quy hoạch các chức danh chủ chốt của đoàn | E47: 46113 | F47: 46132 | H47: Nguyễn Hồ Xuân Quang | I47: Trần Diệp Mỹ Dung
A48: I. Văn phòng - Tuyên giáo - Xây dựng Đoàn | B48: Xây dựng Đoàn | C48: =Sheet1!F53 -> Tham mưu các nội dung liên quan đến các hợp đồng lao động ngoài biên chế | E48: 46113 | F48: 46127 | H48: Võ Văn Đồng | I48: Trần Diệp Mỹ Dung
A49: I. Văn phòng - Tuyên giáo - Xây dựng Đoàn | B49: Xây dựng Đoàn | C49: =Sheet1!F54 -> Kiểm tra, giám sát cơ sở | E49: 46113 | F49: 46142 | H49: Võ Văn Đồng | I49: Trần Việt Anh
A50: I. Văn phòng - Tuyên giáo - Xây dựng Đoàn | B50: Xây dựng Đoàn | C50: =Sheet1!F56 -> Triển khai đăng tải tài liệu sinh hoạt chi đoàn tháng 4/2026 | E50: 46113 | F50: 46121 | H50: Võ Văn Đồng | I50: Trần Việt Anh
A51: I. Văn phòng - Tuyên giáo - Xây dựng Đoàn | B51: Xây dựng Đoàn | C51: =Sheet1!F57 -> Phối hợp tham mưu công tác nhân sự của Hội LHTN Việt Nam tỉnh | E51: 46113 | F51: 46137 | H51: Võ Văn Đồng | I51: Trần Việt Anh
A52: II. Phong trào - Hội LHTN | B52: Phong trào | C52: =Sheet1!F60 -> KH triển khai Đề án "Thanh niên tham gia bảo tồn, phát huy bản sắc văn hóa dân tộc Việt Nam" | E52: 46113 | F52: 46127 | H52: Nguyễn Trọng Văn | I52: H' Hồng
A53: II. Phong trào - Hội LHTN | B53: Phong trào | C53: =Sheet1!F61 -> KH Thắp sáng ước mơ hoàn lương | E53: 46113 | F53: 46122 | H53: Nguyễn Trọng Tùng | I53: H' Hồng
A54: II. Phong trào - Hội LHTN | B54: Phong trào | C54: =Sheet1!F62 -> Báo cáo tổng kết Tháng Thanh niên năm 2026 | E54: 46113 | F54: 46118 | H54: Nguyễn Trọng Tùng | I54: Trần Việt Anh
A55: II. Phong trào - Hội LHTN | B55: Phong trào | C55: =Sheet1!F63 -> Dự thảo Đề án hỗ trợ thanh niên khởi nghiệp | E55: 46113 | F55: 46140 | H55: Nguyễn Đình Hưng Thịnh | I55: H' Hồng
A56: II. Phong trào - Hội LHTN | B56: Phong trào | C56: =Sheet1!F64 -> Kế hoạch hỗ trợ thanh niên khởi nghiệp tỉnh Lâm Đồng năm 2026 | E56: 46113 | F56: 46141 | H56: Nguyễn Trọng Văn | I56: H' Hồng
A57: II. Phong trào - Hội LHTN | B57: Phong trào | C57: =Sheet1!F65 -> Dự thảo Kế hoạch tổ chức Hội trại tập huấn kỹ năng cán bộ Đoàn - Hội | E57: 46113 | F57: 46141 | H57: Nguyễn Trọng Văn | I57: H' Hồng
A58: II. Phong trào - Hội LHTN | B58: Phong trào | C58: =Sheet1!F66 -> Hướng dẫn triển khai một số nội dung trọng tâm phong trào "Tuổi trẻ chung tay xây dựng nông thôn mới và chương trình bảo vệ môi trường ứng phó với biến đổi khi hậu | E58: 46113 | F58: 46140 | H58: Nguyễn Đình Hưng Thịnh | I58: H' Hồng
A59: II. Phong trào - Hội LHTN | B59: Phong trào | C59: =Sheet1!F67 -> Kế hoạch tổ chức ngày hội Thanh niên công nhân và tuyên dương Thanh niên công nhân tiêu biểu năm 2026 | E59: 46113 | F59: 46127 | H59: Nguyễn Trọng Tùng | I59: H' Hồng
A60: II. Phong trào - Hội LHTN | B60: Phong trào | C60: =Sheet1!F68 -> Kế hoạch tổ chức ngày Thầy thuốc trẻ làm theo lời Bác | E60: 46113 | F60: 46136 | H60: Nguyễn Trọng Văn | I60: H' Hồng
A61: II. Phong trào - Hội LHTN | B61: Phong trào | C61: =Sheet1!F69 -> Công văn chủ động, đẩy mạnh triển khai phong trào thi đua Bình dân học vụ số trong đoàn viên thanh niên năm 2026 | E61: 46113 | F61: 46115 | H61: Nguyễn Đình Hưng Thịnh | I61: H' Hồng
A62: II. Phong trào - Hội LHTN | B62: Phong trào | C62: =Sheet1!F70 -> Công văn triển khai cuộc thi khởi nghiệp thanh niên nông thôn của TWĐ | E62: 46113 | F62: 46119 | H62: Nguyễn Đình Hưng Thịnh | I62: H' Hồng
A63: II. Phong trào - Hội LHTN | B63: Phong trào | C63: =Sheet1!F71 -> KH Tham mưu xóa 01 điểm đen ô nhiễm | E63: 46113 | F63: 46136 | H63: Nguyễn Trọng Tùng | I63: H' Hồng
A64: II. Phong trào - Hội LHTN | B64: Phong trào | C64: =Sheet1!F73 -> Kiện toàn các nguồn quỹ của Đoàn | E64: 46113 | F64: 46142 | H64: Nguyễn Trọng Văn | I64: H' Hồng
A65: II. Phong trào - Hội LHTN | B65: Phong trào | C65: =Sheet1!F74 -> Hồ sơ khen thưởng Tháng thanh niên | E65: 46113 | F65: 46122 | H65: Nguyễn Đình Hưng Thịnh | I65: H' Hồng
A66: II. Phong trào - Hội LHTN | B66: Phong trào | C66: =Sheet1!F75 -> Phối hợp tổ chức chương trình “Gửi tiết kiệm chung tay vì người nghèo” năm 2026 | E66: 46113 | F66: 46114 | H66: Nguyễn Trọng Văn | I66: H' Hồng
A67: II. Phong trào - Hội LHTN | B67: Phong trào | C67: =Sheet1!F76 -> Tổ chức tổng kết tháng thanh niên 2026 | E67: 46113 | F67: 46129 | H67: Nguyễn Đình Hưng Thịnh | I67: H' Hồng
A68: II. Phong trào - Hội LHTN | B68: Phong trào | C68: =Sheet1!F77 -> Tham mưu các điều kiện hưởng phát động“Tết trồng cây đời đời nhớ ơn Bác Hồ” và trồng rừng tập trung, trồng cây phân tán năm 2026 do UBND tỉnh tổ chức | E68: 46113 | F68: 46141 | H68: Nguyễn Đình Hưng Thịnh | I68: H' Hồng
A69: II. Phong trào - Hội LHTN | B69: Hội LHTN | C69: =Sheet1!F78 -> Văn bản phối hợp với Hội Doanh nhân trẻ tỉnh về việc phối hợp hỗ trợ tổ chức Diễn đàn Kinh tế tư nhân Việt Nam (VPSF) 2026 | E69: 46113 | F69: 46132 | H69: Nguyễn Trọng Tùng | I69: H' Hồng
A70: II. Phong trào - Hội LHTN | B70: Hội LHTN | C70: =Sheet1!F79 -> Các văn bản chuẩn bị Đại hội Hội LHTN VN tỉnh: Quyết định thành lập các tiểu Ban phục vụ Đại hội; các Đề án Đại hội; Chương trình, Kịch bản ĐH; Báo cáo chính trị Đại hội; Nghị quyết ĐH,... | E70: 46113 | F70: 46141 | H70: Nguyễn Trọng Tùng | I70: H' Hồng
A71: II. Phong trào - Hội LHTN | B71: Hội LHTN | C71: =Sheet1!F80 -> Rà soát đôn đốc hoàn thành việc thành lập Hội LHTN Việt Nam các xã phường đặc khu | E71: 46113 | F71: 46142 | H71: Nguyễn Trọng Tùng | I71: H' Hồng
A72: II. Phong trào - Hội LHTN | B72: Hội LHTN | C72: =Sheet1!F81 -> Tham mưu các điều kiện chuẩn bị tổ chức ĐH Hội lần I | E72: 46113 | F72: 46142 | H72: Nguyễn Trọng Tùng | I72: H' Hồng
A73: II. Phong trào - Hội LHTN | B73: Hội LHTN | C73: =Sheet1!F82 -> Tham mưu phân công dự chỉ đạo Đại hội Hội LHTN Việt Nam cơ sở | E73: 46113 | F73: 46122 | H73: Nguyễn Trọng Văn | I73: H' Hồng
A74: II. Phong trào - Hội LHTN | B74: Hội LHTN | C74: =Sheet1!F83 -> Phối hợp rà soát thành lập Hội doanh nhân trẻ tỉnh Lâm Đồng | E74: 46113 | F74: 46142 | H74: Nguyễn Trọng Tùng | I74: H' Hồng
A75: III. Trường học - Hội Sinh viên | B75: Trường học | C75: =Sheet1!F85 -> Đề cương tuyên truyền 85 năm thành lập Đội | E75: 46113 | F75: 46122 | H75: Nguyễn Lý Xuân Uyên | I75: Đoàn Minh Tâm
A76: III. Trường học - Hội Sinh viên | B76: Trường học | C76: =Sheet1!F86 -> Tờ tình TW về đề xuất xét trao tặng Cánh én hồng | E76: 46113 | F76: 46122 | H76: Nguyễn Lý Xuân Uyên | I76: Đoàn Minh Tâm
A77: III. Trường học - Hội Sinh viên | B77: Trường học | C77: =Sheet1!F87 -> Ban hành KH tổ chức tập huấn cho cán bộ Hội đồng Đội về công tác bảo vệ, chăm sóc, giá dục thiếu niên nhi đồng sau khi thực hiện chính quyền địa phương 2 cấp | E77: 46113 | F77: 46142 | H77: Nguyễn Lý Xuân Uyên | I77: Đoàn Minh Tâm
A78: III. Trường học - Hội Sinh viên | B78: Trường học | C78: =Sheet1!F88 -> Tham mưu các vb triển khai đăng cai Festival Thiếu nhi toàn quốc lần thứ nhất - năm 2026 | E78: 46113 | F78: 46127 | H78: Nguyễn Lý Xuân Uyên | I78: Đoàn Minh Tâm
A79: III. Trường học - Hội Sinh viên | B79: Trường học | C79: =Sheet1!F89 -> Tham mưu các vb triển khai đăng cai Hội Thi Tin học trẻ toàn quốc | E79: 46113 | F79: 46127 | H79: Nguyễn Nam Sơn | I79: Đoàn Minh Tâm
A80: III. Trường học - Hội Sinh viên | B80: Trường học | C80: =Sheet1!F90 -> Văn bản triển khai tuyên truyền tăng cường phòng chống, ngăn chặn bạo lực học đường | E80: 46113 | F80: 46127 | H80: Nguyễn Nam Sơn | I80: Đoàn Minh Tâm
A81: III. Trường học - Hội Sinh viên | B81: Trường học | C81: =Sheet1!F91 -> Triển khai chương trình Hoa cúc trắng tháng 4 | E81: 46113 | F81: 46132 | H81: Nguyễn Linh Phương | I81: Đoàn Minh Tâm
A82: III. Trường học - Hội Sinh viên | B82: Trường học | C82: =Sheet1!F92 -> Triển khai hướng nghiệp cho đội viên lớn | E82: 46113 | F82: 46116 | H82: Nguyễn Linh Phương | I82: Đoàn Minh Tâm
A83: III. Trường học - Hội Sinh viên | B83: Trường học | C83: =Sheet1!F93 -> Triển khai hội thi olympic tiếng anh trong cán bộ Đoàn, đoàn viên thanh niên | E83: 46113 | F83: 46127 | H83: Nguyễn Linh Phương | I83: Đoàn Minh Tâm
A84: III. Trường học - Hội Sinh viên | B84: Trường học | C84: =Sheet1!F94 -> Kế hoạch triển khai các hoạt động phong trào Xây dựng tình bạn đẹp nói không với bạo lực học đường | E84: 46113 | F84: 46127 | H84: Nguyễn Linh Phương | I84: Đoàn Minh Tâm
A85: III. Trường học - Hội Sinh viên | B85: Trường học | C85: =Sheet1!F95 -> Tham mưu các điều kiện chuẩn bị tổ chức Hội thi Tin học trẻ tỉnh Lâm Đồng năm 2026 | E85: 46113 | F85: 46142 | H85: Nguyễn Nam Sơn | I85: Đoàn Minh Tâm
A86: III. Trường học - Hội Sinh viên | B86: Trường học | C86: =Sheet1!F96 -> Triển khai cuộc thi Robotic cấp tỉnh | E86: 46113 | F86: 46142 | H86: Nguyễn Nam Sơn | I86: Đoàn Minh Tâm
... A88: III. Trường học - Hội Sinh viên | B88: Hội Sinh viên | C88: =Sheet1!F98 -> Đề án tổ chức Đại hội Hội | E88: 46113 | F88: 46142 | H88: Nguyễn Nam Sơn | I88: Trần Diệp Mỹ Dung

Sheet Sheet1
B3: TT | D3: SL CÔNG VIỆC | F3: NỘI DUNG CÔNG VIỆC | G3: TT PHỤ TRÁCH | H3: CB THAM MƯU | I3: THỜI GIAN HOÀN THÀNH
B4: I. Văn phòng - Tuyên giáo - Xây dựng Đoàn
B5: 1 | C5: Văn phòng | D5: Văn bản | E5: 1 | F5: Kế hoạch thực hiện Nghị Quyết 59 của Bộ Chính trị | G5: Đ/c Dung | H5: Đ/c Tấn | I5: 46299 | J5: 1
E6: 2 | F6: Báo cáo công tác Đoàn tháng 4 | H6: Đ/c Phượng | I6: 46127 | J6: 2
E7: 3 | F7: Hướng dẫn xử lý văn bản bí mật nhà nước | H7: Đ/c Tấn | I7: 46122 | J7: 3
E8: 4 | F8: Báo cáo điều tra cơ sở hành chính sự nghiệp năm 2026 | H8: Đ/c Hòa | I8: 46122 | J8: 4
E9: 5 | F9: Tham mưu lịch công tác Tháng và Tuần của Thường trực | H9: Đ/c Cầm, Phượng | I9: hàng tuần | J9: 5
E10: 6 | F10: Thông báo kết quả giao ban tháng 4 | H10: Đ/c Quang | I10: 10/4/2026 | J10: 6
E11: 7 | F11: Tham mưu tài liệu họp Ban Thường vụ Tỉnh đoàn tháng 4 | H11: Đ/c Quang | I11: 46127 | J11: 7
E12: 9 | F12: Rà soát điều chỉnh Quy chế thi chi tiêu nội bộ tại Ban Công tác Đoàn và TTN | H12: Đ/c Hòa | I12: trước 15/4/2026 | J12: 9
E13: 10 | F13: Báo cáo các nội dung liên quan phục vụ làm việc với Đoàn kiểm tra của Bộ Chính trị, Ban Bí thư | H13: Đ/c Xuân Quang | I13: 46120 | J13: 10
D14: Công việc | E14: 1 | F14: Quyết toán kinh phí hoạt động đã tổ chức | G14: Đ/c Dung | H14: Đ/c Hòa | I14: 46132 | J14: 11
E15: 2 | F15: Phối hợp với văn phòng MTTQ bàn giao tài sản, nhà đất | H15: Đ/c Xuân Quang | I15: 46132 | J15: 12
E16: 3 | F16: Kê khai thông tin trên hệ thống Điều tra cơ sở hành chính, sự nghiệp của Bộ Nội vụ | H16: Đ/c Xuân Quang | I16: 46299 | J16: 13
E17: 4 | F17: Tham mưu các nội dung bàn giao tài sản và trụ sở cơ quan cũ cho cấp có thẩm quyền | H17: Đ/c Xuân Quang | I17: 46299 | J17: 14
E18: 5 | F18: Tiếp tục tham mưu giải quyết tồn động của các Tỉnh đoàn cũ (Dự án công viên Hoa Thanh niên; Sân bóng; Trung tâm SHDNTTN Bình Thuận | H18: Đ/c Tấn | I18: 31/4/2026 | J18: 15
E19: 6 | F19: Rà soát kết quả thực hiện BTC quý 1 triển khai nhiệm vụ quý 2 | H19: Đ/c Xuân Quang | I19: 31/4/2026 | J19: 16
E20: 7 | F20: Lịch trực Ban nghĩ lễ Giỗ tổ Hùng Vương và 30/4 | H20: Đ/c Tấn | I20: 31/4/2026 | J20: 17
B21: 2 | C21: Tuyên giáo | D21: Văn bản | E21: 1 | F21: Hướng dẫn tuyên truyền kỷ niệm 136 năm Ngày sinh Chỉ tịch Hồ Chí Minh | G21: Đ/c Dung | H21: Đc Toán | I21: 46132 | J21: 18
E22: 3 | F22: Báo cáo dư luận hàng tuần, tháng | G22: Đ/c Dung | H22: Đ/c Hà | I22: Trong tháng 4 | J22: 20
E23: 4 | F23: KH, Thể lệ Cuộc thi trực tuyến tìm hiểu Nghị quyết Đại hội | G23: Đ/c Việt Anh | H23: Đ/c Hà | I23: Trong tháng 4 | J23: 21
E24: 5 | F24: QĐ trao giải Minigame tìm hiểu pháp luật về bầu cử | G24: Đ/c Dung | H24: Đ/c Hà | I24: Trong tháng 4 | J24: 22
E25: 6 | F25: Các văn bản triển khai công tác 35 Tỉnh đoàn (văn bản mật, báo cáo định kỳ) | G25: Đ/c Dung | H25: Đ/c Toán | I25: Trong tháng | J25: 23
E26: 7 | F26: KH tổ chức Hành trình "Tuổi trẻ Lâm Đồng với biển đảo quê hương" năm 2026 | G26: Đ/c Dung | H26: Đ/c Toán | I26: 46122 | J26: 24
E27: 8 | F27: KH tổ chức Liên hoan tuyên truyền ca khúc cách mạng tỉnh Lâm Đồng năm 2026 | G27: Đ/c Dung | H27: Đ/c Toán | I27: 46122 | J27: 25
E28: 9 | F28: Báo cáo dư luận tháng 5 | G28: Đ/c Dung | H28: Đ/c Hà | I28: trước 25/4 | J28: 26
E29: 10 | F29: Hướng dẫn tuyên truyền tháng 5 | G29: Đ/c Dung | H29: Đ/c Hà | I29: trước 25/4 | J29: 27
E30: 11 | F30: CV giới thiệu nhân sự CTV Phòng chống tác hại của thuốc lá | G30: Đ/c Dung | H30: Đ/c Toán | I30: trước 25/4 | J30: 28
E31: 12 | F31: KH tổ chức tuyên dương “Thanh niên tiên tiến làm theo lời Bác” nhân kỷ niệm 136 năm Ngày sinh Chủ tịch Hồ Chí Minh (19/5/1890 - 19/5/2026) | G31: Đ/c Dung | H31: Đ/c Xuân Quang | I31: 20/4/2026 | J31: 29
E32: 13 | F32: Kế hoạch tuyên truyền, vận động đoàn viên thanh niên và nhân dân tham gia bảo hiểm y tế toàn dân năm 2026 | G32: Đ/c Dung | H32: Đ/c Xuân Quang | I32: 20/4/2026 | J32: 30
E33: 14 | F33: Kế hoạch tuyên truyền phòng chống tác hại thuốc lá trong đoàn viên thanh niên năm 2026 | G33: Đ/c Dung | H33: Đ/c Toán | I33: 15/4/2026 | J33: 31
D34: Công việc | E34: 1 | F34: Lễ Phát động Cuộc thi trực tuyến tìm hiểu Nghị quyết Đại hội | G34: Đ/c Dung | H34: Đ/c Hà | I34: Trong tháng 4 | J34: 32
E35: 2 | F35: Trao giải Minigame tìm hiểu pháp luật về bầu cử | G35: Đ/c Dung | H35: Đ/c Hà | I35: Trong tháng 4 | J35: 33
E36: 3 | F36: Tiếp tục ôn đốc đăng tải triển khai Đề án Những câu chuyện thời hoa lửa | G36: Đ/c Dung | H36: Đ/c Hà | I36: Trong tháng 4 | J36: 34
E37: 4 | F37: Tham mưu các nội dung liên quan đến Lễ hội Giỗ tổ Hùng Vương | G37: Đ/c Dung | H37: Đ/c Hà | I37: Trong tháng 4 | J37: 35
E38: 5 | F38: Tổ chức Chương trình sinh hoạt chính trị nhân kỷ niệm 51 năm Giải phóng miền Nam, thống nhất đất nước ngày (30/4/1975 - 30/4/2026) | G38: Đ/c Dung | H38: Đ/c Toán | I38: Trong tháng | J38: 36
F39: Tham mưu gửi ấn phẩm phục vụ biên soạn các ấn phẩm chào mừng Đại hội Đoàn toàn quốc lần thứ XII | G39: Đ/c Dung | H39: Đ/c Hà | I39: Trước 17/4/2026 | J39: 37
E40: 6 | F40: Tuyên truyền kịp thời các hoạt động tập trung cấp tỉnh trong tháng | G40: Đ/c Dung | H40: Đ/c Hà,Toán | I40: Trong tháng | J40: 38
B41: 3 | C41: Xây dựng Đoàn | D41: Văn bản | E41: 1 | F41: Kế hoạch rà soát quy hoạch các chức danh chủ chốt của Đoàn năm 2026 | G41: Đ/c Dung | H41: Đ/c Xuân Quang | I41: 10/4/2026 | J41: 39
E42: 2 | F42: CV góp ý dự thảo hướng dẫn quy trình thủ tục kiện toàn bổ sung nhân sự cấp tỉnh | G42: Đ/c Việt Anh | H42: Đ/c Đồng | I42: 02/4/2026 | J42: 40
E43: 3 | F43: CV góp ý dự thảo Hướng dẫn một số vấn đề cụ thể thi hành Điều lệ Đảng | G43: Đ/c Việt Anh | H43: Đ/c Xuân Quang | I43: 04/4/2026 | J43: 41
E44: 4 | F44: Thông báo thôi trả lương và các khoản phụ cấp đối với các đồng chí chuyển công tác | G44: Đ/c Dung | H44: Đ/c Xuân Quang | I44: Thường xuyên | J44: 42
E45: 5 | F45: Văn bản triển khai thực hiện các nội dung liên quan phần mềm Quản lý đoàn viên | G45: Đ/c Việt Anh | H45: Đ/c Xuân Quang | I45: 20/4/2026 | J45: 43
E46: 6 | F46: Văn bản triển khai thực hiện kiểm tra, giám sát | G46: Đ/c Việt Anh | H46: Đ/c Đồng | I46: Thường xuyên | J46: 44
E47: 7 | F47: Kế hoạch giao chỉ tiêu phát triển đoàn viên; giới thiệu đoàn viên ưu tú cho Đảng và phát triển đảng viên trong ĐVTN năm 2026 | G47: Đ/c Việt Anh | H47: Đ/c Đồng | I47: 20/4/2026 | J47: 45
E48: 8 | F48: Báo cáo công tác phòng, chống tham nhũng, lãng phí tiêu cực tháng 4/2026 | G48: Đ/c Việt Anh | H48: Đ/c Đồng | I48: 20/4/2026 | J48: 46
D49: Công việc | E49: 1 | F49: Đôn đốc triển khai thực hiện các nội dung liên quan phần mềm Quản lý đoàn viên | G49: Đ/c Việt Anh | H49: Đ/c Đồng | I49: Trong tháng | J49: 47
E50: 2 | F50: Triển khai các nội dung liên quan đến việc thành lập tổ chức Đoàn trong doanh nghiệp ngoài Nhà nước | G50: Đ/c Việt Anh | H50: Đ/c Đồng | I50: Trong tháng | J50: 48
E51: 3 | F51: Tham mưu công tác nhân sự cơ sở | G51: Đ/c Dung | H51: Đ/c Xuân Quang | I51: Trong tháng | J51: 49
E52: 4 | F52: Tham mưu quy trình công chức Ban chuyển công tác | G52: Đ/c Dung | H52: Đ/c Xuân Quang | I52: Trong tháng | J52: 50
E53: 5 | F53: Tham mưu các nội dung liên quan đến các hợp đồng lao động ngoài biên chế | G53: Đ/c Dung | H53: Đ/c Đồng | I53: Trong tháng | J53: 51
E54: 6 | F54: Kiểm tra, giám sát cơ sở | G54: Đ/c Việt Anh | H54: Đ/c Xuân Quang | I54: Theo thời gian của Ủy ban Kiểm tra Tỉnh đoàn | J54: 52
E55: 7 | F55: Thu Đoàn phí cơ sở | G55: Đ/c Việt Anh | H55: Đ/c Đồng | I55: Thường xuyên | J55: 53
E56: 8 | F56: Triển khai đăng tải tài liệu sinh hoạt chi đoàn tháng 4/2026 | G56: Đ/c Việt Anh | H56: Đ/c Đồng | I56: trước 09/4/2026 | J56: 54
E57: 9 | F57: Phối hợp tham mưu công tác nhân sự của Hội LHTN Việt Nam tỉnh | G57: Đ/c Việt Anh | H57: Đ/c Đồng | I57: Trong tháng | J57: 55
E58: 10 | F58: Phối hợp tổ chức các hoạt động tập trung cấp tỉnh | G58: Đ/c Việt Anh | H58: cả lĩnh vực | I58: Trong tháng | J58: 56
B59: II. Phong trào - Hội LHTN | J59: 57
B60: 1 | C60: Phong trào | D60: Văn bản | E60: 1 | F60: KH triển khai Đề án "Thanh niên tham gia bảo tồn, phát huy bản sắc văn hóa dân tộc Việt Nam" | G60: Đ/c Hồng | H60: Đ/c Văn | I60: 46127 | J60: 58
E61: 2 | F61: KH Thắp sáng ước mơ hoàn lương | G61: Đ/c Hồng | H61: Đ/c Văn | I61: 46122 | J61: 59
E62: 3 | F62: Báo cáo tổng kết Tháng Thanh niên năm 2026 | G62: Đ/c Việt Anh | H62: Đ/c Thịnh | I62: 46118 | J62: 60
E63: 4 | F63: Dự thảo Đề án hỗ trợ thanh niên khởi nghiệp | G63: Đ/c Hồng | H63: Đ/c Thịnh | I63: 46140 | J63: 61
E64: 5 | F64: Kế hoạch hỗ trợ thanh niên khởi nghiệp tỉnh Lâm Đồng năm 2026 | G64: Đ/c Hồng | H64: Đ/c Thịnh | I64: 46141 | J64: 62
E65: 6 | F65: Dự thảo Kế hoạch tổ chức Hội trại tập huấn kỹ năng cán bộ Đoàn - Hội | G65: Đ/c Hồng | H65: Đ/c Văn | I65: 46141 | J65: 63
E66: 7 | F66: Hướng dẫn triển khai một số nội dung trọng tâm phong trào "Tuổi trẻ chung tay xây dựng nông thôn mới và chương trình bảo vệ môi trường ứng phó với biến đổi khi hậu | G66: Đ/c Hồng | H66: Đ/c Thịnh | I66: 46140 | J66: 64
E67: 8 | F67: Kế hoạch tổ chức ngày hội Thanh niên công nhân và tuyên dương Thanh niên công nhân tiêu biểu năm 2026 | G67: Đ/c Hồng | H67: Đ/c Văn | I67: 46127 | J67: 65
E68: 9 | F68: Kế hoạch tổ chức ngày Thầy thuốc trẻ làm theo lời Bác | G68: Đ/c Hồng | H68: Đ/c Văn | I68: 46136 | J68: 66
E69: 10 | F69: Công văn chủ động, đẩy mạnh triển khai phong trào thi đua Bình dân học vụ số trong đoàn viên thanh niên năm 2026 | G69: Đ/c Việt Anh | H69: Đ/c Thịnh | I69: 46115 | J69: 67
E70: 11 | F70: Công văn triển khai cuộc thi khởi nghiệp thanh niên nông thôn của TWĐ | G70: Đ/c Hồng | H70: Đ/c Thịnh | I70: 46119 | J70: 68
E71: 12 | F71: KH Tham mưu xóa 01 điểm đen ô nhiễm | G71: Đ/c Hồng | H71: Đ/c Thịnh | I71: 46136 | J71: 69
D72: Công việc | E72: 1 | F72: Tham gia thực hiện các hoạt động tập trung của cơ quan | G72: Đ/c Hồng | H72: cả lĩnh vực | I72: Trong tháng | J72: 70
E73: 2 | F73: Kiện toàn các nguồn quỹ của Đoàn | G73: Đ/c Việt Anh | H73: Đ/c Văn | I73: Trong tháng | J73: 71
E74: 3 | F74: Hồ sơ khen thưởng Tháng thanh niên | G74: Đ/c Việt Anh | H74: Đ/c Thịnh | I74: Trong tháng | J74: 72
E75: 4 | F75: Phối hợp tổ chức chương trình “Gửi tiết kiệm chung tay vì người nghèo” năm 2026 | G75: Đ/c Việt Anh | H75: Đ/c Văn | I75: 46114 | J75: 73
E76: 5 | F76: Tổ chức tổng kết tháng thanh niên 2026 | G76: Đ/c Việt Anh | H76: Đ/c Thịnh | I76: 46125 | J76: 74
E77: 6 | F77: Tham mưu các điều kiện hưởng phát động“Tết trồng cây đời đời nhớ ơn Bác Hồ” và trồng rừng tập trung, trồng cây phân tán năm 2026 do UBND tỉnh tổ chức | G77: Đ/c Hồng | H77: Đ/c Thịnh | I77: 46141 | J77: 75
B78: 2 | C78: Hội LHTN VN tỉnh | D78: Văn bản | E78: 1 | F78: Văn bản phối hợp với Hội Doanh nhân trẻ tỉnh về việc phối hợp hỗ trợ tổ chức Diễn đàn Kinh tế tư nhân Việt Nam (VPSF) 2026 | G78: Đ/c Hồng | H78: Đ/c Văn | I78: 46132 | J78: 76
E79: 2 | F79: Các văn bản chuẩn bị Đại hội Hội LHTN VN tỉnh: Quyết định thành lập các tiểu Ban phục vụ Đại hội; các Đề án Đại hội; Chương trình, Kịch bản ĐH; Báo cáo chính trị Đại hội; Nghị quyết ĐH,... | G79: Đ/c Hồng | H79: Đ/c Văn | I79: 46141 | J79: 77
D80: Công việc | E80: 1 | F80: Rà soát đôn đốc hoàn thành việc thành lập Hội LHTN Việt Nam các xã phường đặc khu | G80: Đ/c Hồng | H80: Đ/c Văn | I80: Thường xuyên | J80: 78
E81: 2 | F81: Tham mưu các điều kiện chuẩn bị tổ chức ĐH Hội lần I | G81: Đ/c Hồng | H81: cả lĩnh vực | I81: Thường xuyên | J81: 79
E82: 3 | F82: Tham mưu phân công dự chỉ đạo Đại hội Hội LHTN Việt Nam cơ sở | G82: Đ/c Hồng | H82: cả lĩnh vực | I82: Trong tháng | J82: 80
E83: 4 | F83: Phối hợp rà soát thành lập Hội doanh nhân trẻ tỉnh Lâm Đồng | G83: Đ/c Hồng | H83: Đ/c Văn | I83: trong tháng | J83: 81
B84: III. Trường học - Hội Sinh viên | J84: 82
B85: 1 | C85: Trường học | D85: Văn bản | E85: 1 | F85: Đề cương tuyên truyền 85 năm thành lập Đội | G85: Đ/c Tâm | H85: Đ/c Uyên | I85: 46085 | J85: 83
E86: 2 | F86: Tờ tình TW về đề xuất xét trao tặng Cánh én hồng | G86: Đ/c Tâm | H86: Đ/c Uyên | I86: 46299 | J86: 84
E87: 3 | F87: Ban hành KH tổ chức tập huấn cho cán bộ Hội đồng Đội về công tác bảo vệ, chăm sóc, giá dục thiếu niên nhi đồng sau khi thực hiện chính quyền địa phương 2 cấp | G87: Đ/c Tâm | H87: Đ/c Uyên | I87: 30/4/2026 | J87: 85
E88: 4 | F88: Tham mưu các vb triển khai đăng cai Festival Thiếu nhi toàn quốc lần thứ nhất - năm 2026 | G88: Đ/c Tâm | H88: Đ/c Uyên | I88: 15/4/2026 | J88: 86
F89: Tham mưu các vb triển khai đăng cai Hội Thi Tin học trẻ toàn quốc | G89: Đ/c Tâm | H89: Đ/c Sơn | I89: 46299 | J89: 87
E90: 5 | F90: Văn bản triển khai tuyên truyền tăng cường phòng chống, ngăn chặn bạo lực học đường | G90: Đ/c Tâm | H90: Đ/c Sơn | I90: 15/4/2026 | J90: 88
D91: Công việc | E91: 6 | F91: Triển khai chương trình Hoa cúc trắng tháng 4 | G91: Đ/c Tâm | H91: Đ/c Phương | I91: 20/4/2026 | J91: 89
E92: 7 | F92: Triển khai hướng nghiệp cho đội viên lớn | G92: Đ/c Tâm | H92: Đ/c Phương | I92: 46146 | J92: 90
E93: 8 | F93: Triển khai hội thi olympic tiếng anh trong cán bộ Đoàn, đoàn viên thanh niên | G93: Đ/c Tâm | H93: Đ/c Phương | I93: 46146 | J93: 91
E94: 9 | F94: Kế hoạch triển khai các hoạt động phong trào Xây dựng tình bạn đẹp nói không với bạo lực học đường | G94: Đ/c Tâm | H94: Đ/c Phương | I94: 46299 | J94: 92
E95: 10 | F95: Tham mưu các điều kiện chuẩn bị tổ chức Hội thi Tin học trẻ tỉnh Lâm Đồng năm 2026 | G95: Đ/c Tâm | H95: Đ/c Sơn | I95: 46142 | J95: 93
E96: 11 | F96: Triển khai cuộc thi Robotic cấp tỉnh | G96: Đ/c Tâm | H96: Đ/c Sơn | I96: 46142 | J96: 94
B97: 2 | C97: Hội Sinh viên VN tỉnh | D97: Văn bản | E97: 1 | F97: Tham mưu các nội dung quy trình thành lập Hội Sinh viên Việt Nam tỉnh | G97: Đ/c Dung | H97: Đ/c Sơn | I97: Thường xuyên | J97: 95
E98: 2 | F98: Đề án tổ chức Đại hội Hội | G98: Đ/c Dung | H98: Đ/c Sơn | I98: 46086 | J98: 96

Sheet DanhMuc
A1: I. Văn phòng - Tuyên giáo - Xây dựng Đoàn | B1: Văn phòng | C1: Trương Minh Quang | D1: 1
A2: II. Phong trào - Hội LHTN | B2: Tuyên giáo | C2: Trần Diệp Mỹ Dung | D2: 2
A3: III. Trường học - Hội Sinh viên | B3: Xây dựng Đoàn | C3: H' Hồng | D3: 3
B4: Phong trào | C4: Đoàn Minh Tâm | D4: 4
B5: Hội LHTN | C5: Trần Việt Anh | D5: 5
B6: Trường học | C6: Nguyễn Hồ Xuân Quang | D6: 6
B7: Hội Sinh viên | C7: Nguyễn Trọng Tùng | D7: 7
C8: Đào Hùng | D8: 8
C9: Châu Yến Phi | D9: 9
C10: Bùi Thị Phượng | D10: 10
C11: Hồ Như Toán | D11: 11
C12: Trịnh Thị Vỹ Cầm | D12: 12
C13: Nguyễn Linh Phương | D13: 13
C14: Võ Văn Đồng | D14: 14
C15: Nguyễn Nam Sơn | D15: 15
C16: Nguyễn Thị Thanh Hòa | D16: 16
C17: Phan Xuân Tấn | D17: 17
C18: Nguyễn Đình Hưng Thịnh | D18: 18
C19: Đỗ Ngọc Hà | D19: 19
... C21: Nguyễn Trọng Văn | D21: 21
